link,price,title
http://item.gmarket.co.kr/Item?goodscode=2519604129&ver=637953146119198910,"25,030",브라운 면도기 세정액 CCR5+1 
http://item.gmarket.co.kr/Item?goodscode=166590246&ver=637953146119198910,"15,900",무료반품/10+12%/런닝 5매/남성/남자/여성/여자/아동/속옷/모시/인견/텐셀/쿨/면/반팔/베이직 
http://item.gmarket.co.kr/Item?goodscode=2096516363&ver=637953146119198910,"109,000",BLDC 입체회전 써큘레이터 SIF-DPNW90 ---시즌오프 특가--- 
http://item.gmarket.co.kr/Item?goodscode=2247442933&ver=637953146119198910,"3,900",10%할인+사은품_책속에서 여름나기 인기도서 260종_무료배송 
http://item.gmarket.co.kr/Item?goodscode=1635932244&ver=637953146119198910,"9,900",아삭아삭 미니 오이 20개 /2개주문시 50개발송 
http://item.gmarket.co.kr/Item?goodscode=2039631118&ver=637953146119198910,"49,900",1+1 2개 무선 선풍기 탁상용 미니 휴대용 캠핑용 벽걸이 사무실 선물용 가정용 
http://item.gmarket.co.kr/Item?goodscode=1927983843&ver=637953146119198910,"23,900",양꼬치 양깍두기 양고기 1kg  + 쯔란1봉 
http://item.gmarket.co.kr/Item?goodscode=2282569768&ver=637953146119198910,"5,900",풀문 여름 시즌오프 버킷햇/레그워머/양말/왕리본/집게핀 
http://item.gmarket.co.kr/Item?goodscode=2246494986&ver=637953146119198910,"19,360",서울우유 클릭유 커피 200ml x 24입 (1박스) 
http://item.gmarket.co.kr/Item?goodscode=2457227666&ver=637953146119198910,"12,000",레고 닌자고 브릭마스터 외 6종 선택구매 
http://item.gmarket.co.kr/Item?goodscode=2036145620&ver=637953146119198910,"10,000",무료반품 15% 할인쿠폰 마르조 오나라 단하루특가 
http://item.gmarket.co.kr/Item?goodscode=2141477713&ver=637953146119198910,"11,500",붕어빵 아기물티슈 썸머에디션 핫한 고평량 70매 10팩 70gsm 
http://item.gmarket.co.kr/Item?goodscode=2367811261&ver=637953146119198910,"17,900",군산 반건조 서대 박대구이 특대 5미 2개(쿠폰15940) 
http://item.gmarket.co.kr/Item?goodscode=2514963907&ver=637953146119198910,"7,900",DCOVERS/디커버스/반팔티/티셔츠/여성/남자/빅사이즈 
http://item.gmarket.co.kr/Item?goodscode=2266434001&ver=637953146119198910,"3,900",3900원 균일가 시즌오프 블라우스/티셔츠/원피스/팬츠 外 
http://item.gmarket.co.kr/Item?goodscode=2349559030&ver=637953146119198910,"71,000",별똥별_NEW 야물야물 그림책 (전20권) 
http://item.gmarket.co.kr/Item?goodscode=2520466046&ver=637953146119198910,"28,800",(롯데백화점)남여공용 디스럽터 테이피 테잎 _ FS1HTB1091X 
http://item.gmarket.co.kr/Item?goodscode=2167436179&ver=637953146119198910,"72,000",닌자 프로페셔널 초퍼 믹서기 블렌더 NJ1001KR 
http://item.gmarket.co.kr/Item?goodscode=1805913808&ver=637953146119198910,"99,450",신일   화이트   에어서큘레이터(SIF-FA800B) 
http://item.gmarket.co.kr/Item?goodscode=1587075039&ver=637953146119198910,"15,900",청정우 양지 300gX3팩 
