title,o_price,s_price,img
3900원 균일가 시즌오프 블라우스/티셔츠/원피스/팬츠 外,"13,000원","3,900원",http://gdimg.gmarket.co.kr/2266434001/still/300?ver=2022080509
청정우 양지 300gX3팩,"31,800원","15,900원",http://gdimg.gmarket.co.kr/1587075039/still/300?ver=2022080509
[한상궁김치]한상궁김치 국산 겉절이 2kg 출고당일생산,,"15,900원",http://gdimg.gmarket.co.kr/1798110680/still/300?ver=2022080509
[키스포]12%쿠폰 아동 주니어 여름 클리어런스+가을 프리뷰 모음전,"22,000원","6,600원",http://gdimg.gmarket.co.kr/336394693/still/300?ver=2022080509
DCOVERS/디커버스/반팔티/티셔츠/여성/남자/빅사이즈,"26,300원","7,900원",http://gdimg.gmarket.co.kr/2514963907/still/300?ver=2022080509
[마르조]무료반품 15% 할인쿠폰 마르조 오나라 단하루특가,"33,300원","10,000원",http://gdimg.gmarket.co.kr/2036145620/still/300?ver=2022080509
군산 반건조 서대 박대구이 특대 5미 2개/구이 조림용,"23,700원","17,900원",http://gdimg.gmarket.co.kr/2367811261/still/300?ver=2022080509
[프롬산타]무료반품 2+1 균일가 덧신양말남성여성발목중목학생,"26,300원","7,900원",http://gdimg.gmarket.co.kr/1277558140/still/300?ver=2022080509
[신일전자]BLDC 입체회전 써큘레이터 SIF-DPNW90 ---시즌오프 특가---,,"109,000원",http://gdimg.gmarket.co.kr/2096516363/still/300?ver=2022080509
[솔러스에어]1+1 2개 무선 선풍기 탁상용 미니 휴대용 캠핑용 벽걸이 사무실 선물용 가정용,,"49,900원",http://gdimg.gmarket.co.kr/2039631118/still/300?ver=2022080509
[BYC]22%쿠폰/1+1 2박스외/무료반품/여성팬티/노라인/위생,"23,000원","6,900원",http://gdimg.gmarket.co.kr/972418391/still/300?ver=2022080509
아삭아삭 미니 오이 20개 /2개주문시 50개발송,,"10,900원",http://gdimg.gmarket.co.kr/1635932244/still/300?ver=2022080509
[다향오리]다향 훈제오리 200g 8팩+1팩 (총 9팩),"29,900원","28,410원",http://gdimg.gmarket.co.kr/2505897449/still/300?ver=2022080509
무료반품/10+12%/런닝 5매/남성/남자/여성/여자/아동/속옷/모시/인견/텐셀/쿨/면/반팔/베이직,"53,000원","15,900원",http://gdimg.gmarket.co.kr/166590246/still/300?ver=2022080509
[광동]아이스웨일 레몬라임 탄산수 500ml 40pet/음료/음료수,"17,300원","13,900원",http://gdimg.gmarket.co.kr/2355814801/still/300?ver=2022080509
국내산 코코 PVC 샤워기호스줄 2M 꼬임방지 물때x,"12,900원","10,900원",http://gdimg.gmarket.co.kr/2153684657/still/300?ver=2022080509
[가나]가나초코바 아몬드 43g X 24개,,"13,900원",http://gdimg.gmarket.co.kr/1631550183/still/300?ver=2022080509
백도의 제왕 마도카 복숭아 4kg (16과 내외)/ 당도보장,"29,000원","28,900원",http://gdimg.gmarket.co.kr/2522451619/still/300?ver=2022080509
풀문 여름 시즌오프 버킷햇/레그워머/양말/왕리본/집게핀,"19,650원","5,900원",http://gdimg.gmarket.co.kr/2282569768/still/300?ver=2022080509
롯데Fresh  21년 햅곡  농부의미소 20KG/포,"38,900원","35,010원",http://gdimg.gmarket.co.kr/1487846528/still/300?ver=2022080509
[블루스카이]스마트 초미세공기청정기 30평 블루스카이 스마트싱스,"105,000원","93,750원",http://gdimg.gmarket.co.kr/2391278184/still/300?ver=2022080509
[휠라](롯데백화점)남여공용 디스럽터 테이피 테잎 _ FS1HTB1091X,"32,000원","28,800원",http://gdimg.gmarket.co.kr/2520466046/still/300?ver=2022080509
[하누소][하누소] 왕갈비탕 650g 6팩 세트,"40,600원","35,330원",http://gdimg.gmarket.co.kr/2151240263/still/300?ver=2022080509
[이너리즘](10%+12%쿠폰) 심리스 스포츠 브라탑 4장기획세트/노라인팬티 5종,"43,000원","12,900원",http://gdimg.gmarket.co.kr/1624900645/still/300?ver=2022080509
모노시크/티셔츠/블라우스/니트/가디건/세트/나시/팬츠,"42,600원","12,800원",http://gdimg.gmarket.co.kr/2128333213/still/300?ver=2022080509
바다마을 푸르른 완도 활전복  가정용 18~20미1kg내외,"55,400원","27,700원",http://gdimg.gmarket.co.kr/1704028436/still/300?ver=2022080509
[SOil](S-OIL) 모바일주유권 5만원권,"50,000원","49,000원",http://gdimg.gmarket.co.kr/1782687491/still/300?ver=2022080509
[컬러딥]컬러딥 오매직파우더 시즌3 본품20g 1개 + 5g 1개,,"29,000원",http://gdimg.gmarket.co.kr/2436028935/still/300?ver=2022080509
[정직한밥상]오직 순살로만 흑마늘 무뼈족발 300gx3팩,"29,900원","17,900원",http://gdimg.gmarket.co.kr/1691115861/still/300?ver=2022080509
[노부영]제이와이북스_노부영 사이트워드 48종/알파벳리더 24종 세트 선택 구매,"410,000원","244,000원",http://gdimg.gmarket.co.kr/2415214684/still/300?ver=2022080509
(카드가능) 기프트코드 10만원 / 구글 기프트카드,"100,000원","95,000원",http://gdimg.gmarket.co.kr/1655242371/still/300?ver=2022080509
[햇반]CJ 햇반 210g 36개 1박스,"40,900원","36,810원",http://gdimg.gmarket.co.kr/1651273917/still/300?ver=2022080509
[컬러딥]컬러딥 오매직파우더 시즌3 본품20g 2개,,"38,000원",http://gdimg.gmarket.co.kr/2456745420/still/300?ver=2022080509
윤남텍 간편세척 초음파 다목적 가습기/YN-101/G마켓,,"82,000원",http://gdimg.gmarket.co.kr/178721817/still/300?ver=2022080509
[빅마마](천연조미료/육수한알) 빅마마 이혜정의 시크릿코인 205알,"60,900원","50,870원",http://gdimg.gmarket.co.kr/2429123343/still/300?ver=2022080509
[네파키즈][네파키즈(아동)] 리버서블 헤비 구스 다운 KHF2007,"109,000원","75,210원",http://gdimg.gmarket.co.kr/2521552789/still/300?ver=2022080509
우일인견 엄마옷 빅사이즈 인견 블라우스/원피스,"33,000원","9,900원",http://gdimg.gmarket.co.kr/2518151217/still/300?ver=2022080509
[이너리즘](10%+12%쿠폰) 이너리즘에어 시원하고 편한 쿨모달 브라나시 2세트,"46,300원","13,900원",http://gdimg.gmarket.co.kr/1828698700/still/300?ver=2022080509
남도장터 정남진농협 장흥 새청무 10kg 상등급,"39,900원","25,500원",http://gdimg.gmarket.co.kr/2233483513/still/300?ver=2022080509
8/5 무료반품 JAJU 여름 시원한 파자마 할인특가전,"93,000원","27,900원",http://gdimg.gmarket.co.kr/2135191556/still/300?ver=2022080509
남성 아이스 냉감 드로즈 누디 쿨 남자 사각 팬티 5장,"39,000원","11,900원",http://gdimg.gmarket.co.kr/2461121739/still/300?ver=2022080509
[온더바디]울트라 모이스처 아몬드 바디워시   785ml 3개,"12,900원","10,500원",http://gdimg.gmarket.co.kr/2427773004/still/300?ver=2022080509
[누비]실리콘 롱핸들 이유식 스푼 케이스_핑크+블루+아쿠아 3개 세트(케이스 포함) 특가,"19,200원","9,900원",http://gdimg.gmarket.co.kr/2096383022/still/300?ver=2022080509
[이베스트투자증권](특판)(이베스트투자증권) 주식상품권 5만원,"50,000원","48,500원",http://gdimg.gmarket.co.kr/2387878566/still/300?ver=2022080509
[라벨영]호랑이비누 4개/피부진정+결점케어/천연수제비누,"50,000원","15,000원",http://gdimg.gmarket.co.kr/769284968/still/300?ver=2022080509
여름 최신상 블라우스 티셔츠 원피스 반바지,"33,000원","9,900원",http://gdimg.gmarket.co.kr/2461318554/still/300?ver=2022080509
플로라  여름신상  잠옷  원피스 홈웨어 파자마,"17,800원","5,500원",http://gdimg.gmarket.co.kr/2442715788/still/300?ver=2022080509
[제주삼다수]제주삼다수 그린 2L 24병 /생수전문배송,"27,040원","23,520원",http://gdimg.gmarket.co.kr/2316892877/still/300?ver=2022080509
[블랙야크](롯데백화점)블랙야크 B야크플러피자켓 1BYJKW0901,"37,000원","28,860원",http://gdimg.gmarket.co.kr/2518446996/still/300?ver=2022080509
[사조해표]사조 카놀라유 900mL x 3개,"19,900원","16,900원",http://gdimg.gmarket.co.kr/2073630182/still/300?ver=2022080509
[테리파머]3겹 뽑아쓰는 키친타올 100매 X 9팩 키친타월,"32,700원","10,900원",http://gdimg.gmarket.co.kr/2125009502/still/300?ver=2022080509
[이지바이]전상품 균일6900원/남녀 쿨론티셔츠/반바지/추리닝,"23,000원","6,900원",http://gdimg.gmarket.co.kr/1494979529/still/300?ver=2022080509
[킨더]앱솔루트 킨더밀쉬 200ml 24개/돌이후/영양간식,"47,200원","23,600원",http://gdimg.gmarket.co.kr/2043806171/still/300?ver=2022080509
[온더바디]울트라 모이스처 코튼 바디워시 785ml 3개,"12,900원","10,500원",http://gdimg.gmarket.co.kr/2446913601/still/300?ver=2022080509
[스파클][스파클 무라벨] 스파클 생수 2리터 42병,,"21,400원",http://gdimg.gmarket.co.kr/1624152828/still/300?ver=2022080509
10%할인+사은품_책속에서 여름나기 인기도서 260종_무료배송,"13,000원","3,900원",http://gdimg.gmarket.co.kr/2247442933/still/300?ver=2022080509
[바디스토리]남성 누디5매 냉감 쿨 드로즈 남자 아이스 사각 팬티,"39,600원","11,900원",http://gdimg.gmarket.co.kr/2520900839/still/300?ver=2022080509
[순수한면]최종13650원/최대140P/3+2팩 순수한면 생리대 +4P추가,"26,250원","17,500원",http://gdimg.gmarket.co.kr/2327015493/still/300?ver=2022080509
[르젠]르젠 리모컨 써큘레이터 저소음 선풍기 LZEF-AR03,,"49,800원",http://gdimg.gmarket.co.kr/2156634422/still/300?ver=2022080509
[크리넥스]순수 3겹 두루마리 화장지 휴지 27m 24롤 2팩,,"30,000원",http://gdimg.gmarket.co.kr/1855331135/still/300?ver=2022080509
청도 씨없는 감말랭이 45g x6봉 선물세트 / GAP인증 / 10%할인 14090원,"31,800원","15,900원",http://gdimg.gmarket.co.kr/2312791336/still/300?ver=2022080509
노르웨이산 슈페리어 생 연어 1kg 최종가 34660원,"51,200원","38,900원",http://gdimg.gmarket.co.kr/940829154/still/300?ver=2022080509
서래푸드 구운아몬드 1kg 10%쿠폰 캘리포니아 21년산,"23,400원","11,700원",http://gdimg.gmarket.co.kr/1999684957/still/300?ver=2022080509
국내산 감자 5kg (대)/햇감자/쿠폰11510,"27,800원","12,900원",http://gdimg.gmarket.co.kr/2207237625/still/300?ver=2022080509
오로라 LPP 트리트먼트 헤어팩 1000ml 1+1 총2000ml,"41,700원","13,900원",http://gdimg.gmarket.co.kr/226252659/still/300?ver=2022080509
[썬업]썬업 과일야채샐러드 녹황 200ML 48팩,"30,900원","28,900원",http://gdimg.gmarket.co.kr/2460312403/still/300?ver=2022080509
애플수박 4수(개당600~800g)쿠폰가18110,"45,400원","20,700원",http://gdimg.gmarket.co.kr/2518414693/still/300?ver=2022080509
[대원씨아이]대원키즈 포켓몬스터 썬 문 포켓몬 전국대도감,"9,500원","8,550원",http://gdimg.gmarket.co.kr/2160457480/still/300?ver=2022080509
나타났다 남녀 공용 COOL밴딩 팬츠/반바지 균일특가,"19,600원","5,900원",http://gdimg.gmarket.co.kr/1695857121/still/300?ver=2022080509
[서가]1+1 국산 일회용 마스크 50매 블랙,"9,900원","7,900원",http://gdimg.gmarket.co.kr/2152119968/still/300?ver=2022080509
[모나리자]보타닉 블라썸 (27m30롤)X3개 화장지 휴지,"31,900원","28,900원",http://gdimg.gmarket.co.kr/2098226446/still/300?ver=2022080509
[웰치스]웰치 드링크 포도 190mlx24입(종이팩) 박스,"10,900원","8,900원",http://gdimg.gmarket.co.kr/2368716187/still/300?ver=2022080509
[대우]대우 에어 써큘레이터DEF-KC1020스탠드선풍기 공기순환,,"35,900원",http://gdimg.gmarket.co.kr/1833787752/still/300?ver=2022080509
[닥터유]오리온 닥터유 단백질바 50g 24개,,"26,200원",http://gdimg.gmarket.co.kr/1743436556/still/300?ver=2022080509
[페디슨]저자극 여성청결제 약산성 1+1 거품/액상(+행사중),"26,700원","8,900원",http://gdimg.gmarket.co.kr/483648529/still/300?ver=2022080509
[페디슨]데오드 바디워시/몸냄새제거/소취효과 750ml1+1(+행사),"32,700원","10,900원",http://gdimg.gmarket.co.kr/1835943962/still/300?ver=2022080509
오늘한끼 한우 양지 국거리 210g 1++ 등급 냉장,"27,800원","13,900원",http://gdimg.gmarket.co.kr/2304902166/still/300?ver=2022080509
1+1 몬즈 분즐라우 엘포레 노바 외 균일가 모음전,,"8,900원",http://gdimg.gmarket.co.kr/2522172416/still/300?ver=2022080509
[서울우유]서울우유 클릭유 커피 200ml x 24입 (1박스),"24,700원","21,740원",http://gdimg.gmarket.co.kr/2246494986/still/300?ver=2022080509
[베베당]베베당 유기농 아이쌀과자 6봉(랜덤) +미니스틱 증정,,"8,900원",http://gdimg.gmarket.co.kr/2178695662/still/300?ver=2022080509
[온더바디]울트라 모이스처 피오니 바디워시  785ml 3개,"12,900원","10,500원",http://gdimg.gmarket.co.kr/2427817732/still/300?ver=2022080509
[뮬라웨어]20%+10% 뮬라웨어 썸머감사제 레깅스/반팔 외,"46,000원","14,250원",http://gdimg.gmarket.co.kr/2038106421/still/300?ver=2022080509
(카드가능) 기프트코드 5만원 / 구글 기프트카드,"50,000원","47,500원",http://gdimg.gmarket.co.kr/1655242060/still/300?ver=2022080509
[베이비베이비]베이비베이비 아기물티슈 트윙클120매 20팩 캡형,"44,700원","14,900원",http://gdimg.gmarket.co.kr/1501667618/still/300?ver=2022080509
하루활력 배도라지청 실속형 100포 국산도라지,"25,400원","22,900원",http://gdimg.gmarket.co.kr/2426456976/still/300?ver=2022080509
고구마 2022 햇 꿀밤 고구마 5kg(특상),"41,800원","19,900원",http://gdimg.gmarket.co.kr/2209966497/still/300?ver=2022080509
(특가) 종이접기 스케치북 세트 : 어린이 미술놀이 색종이 만들기,"30,000원","21,000원",http://gdimg.gmarket.co.kr/2527174864/still/300?ver=2022080509
[블랙야크키즈](신세계하남점)22년 S/S  신상 쿨링 소재  상하세트3종택1(와이드 버터 네스트 5부상하세트),"30,000원","24,600원",http://gdimg.gmarket.co.kr/2521181397/still/300?ver=2022080509
차량 우산형 햇빛가리개 원터치 앞유리 암막 / 차량용,"20,000원","10,000원",http://gdimg.gmarket.co.kr/2121255593/still/300?ver=2022080509
[반에이크]반에이크 점프수트/티셔츠/블라우스외 BEST 세일 + 누구나 10% 쿠폰,"29,600원","8,900원",http://gdimg.gmarket.co.kr/1693435171/still/300?ver=2022080509
[지오다노]지오다노주니어 22S/S 시즌오프 BEST ITEM 모음전,"49,000원","14,900원",http://gdimg.gmarket.co.kr/2192218484/still/300?ver=2022080509
[엔뚜마노]7구 에그쿠커 전기 계란 만두 찜기 달걀 삶는 기계,,"9,900원",http://gdimg.gmarket.co.kr/1901859287/still/300?ver=2022080509
[이오]이오X브래드이발소 요구르트 유산균음료 190ml 24입,"12,400원","9,900원",http://gdimg.gmarket.co.kr/2307967678/still/300?ver=2022080509
VT 에센스 선 팩트+리필 세트,"14,800원","9,900원",http://gdimg.gmarket.co.kr/2170547790/still/300?ver=2022080509
(카드가능) 기프트코드 3만원 / 구글 기프트카드,"30,000원","28,500원",http://gdimg.gmarket.co.kr/1655241628/still/300?ver=2022080509
[풀무원]올바른핫도그 5입x2봉+모짜렐라핫도그5입x2봉(총20개),"25,900원","23,310원",http://gdimg.gmarket.co.kr/2447856553/still/300?ver=2022080509
[필립스](15%중복) 필립스 핸디형 스팀 다리미 스티머 STH1010/10,,"45,900원",http://gdimg.gmarket.co.kr/2483233728/still/300?ver=2022080509
[LG전자][공식판매점][LG전자] LG 퓨리케어 6단계토탈케어필터세트 AAFTDS101,"67,800원","62,100원",http://gdimg.gmarket.co.kr/2259518173/still/300?ver=2022080509
[별똥별]별똥별 미술놀이 (전2권),"40,000원","32,000원",http://gdimg.gmarket.co.kr/2463106999/still/300?ver=2022080509
[비비고]비비고 왕교자1.05kg 3개,"29,900원","25,420원",http://gdimg.gmarket.co.kr/1941744416/still/300?ver=2022080509
[별똥별]NEW 샤방샤방 그림책 20권(샤방샤방 놀이책 증정),"99,000원","70,700원",http://gdimg.gmarket.co.kr/2365733542/still/300?ver=2022080509
[아르떼(Arte)]아르떼 KF94 새부리형 국산 마스크 대형 소형 키즈 화이트 블랙 컬러 여름용 식약처인증 개별포장,"26,600원","24,900원",http://gdimg.gmarket.co.kr/1769157396/still/300?ver=2022080509
3+1여름시즌오프/간절기/남녀팬츠/슬랙스팬츠/트레이닝팬츠,"23,000원","6,900원",http://gdimg.gmarket.co.kr/1520260222/still/300?ver=2022080509
[홈에디션명진]대용량 롤백 500매 2개 (총1000매) 위생백 위생장갑,"15,800원","7,900원",http://gdimg.gmarket.co.kr/2134994050/still/300?ver=2022080509
(행사상품)온가족양념소불고기1kg,"14,000원","12,600원",http://gdimg.gmarket.co.kr/2498139986/still/300?ver=2022080509
[Gfresh]미스타셰프 육개장 600g 4팩/사은품,"19,900원","12,900원",http://gdimg.gmarket.co.kr/2041518949/still/300?ver=2022080509
[설빙]설빙 크리스피롤 우유 50개+인절미 50개,"24,900원","19,900원",http://gdimg.gmarket.co.kr/2506226564/still/300?ver=2022080509
[룰루홈]3단 접이식 대형 우산 패밀리 사이즈,,"7,500원",http://gdimg.gmarket.co.kr/2267018103/still/300?ver=2022080509
스타벅스 네스프레소 호환 캡슐 8종/맛선택/총100캡슐,"51,900원","48,270원",http://gdimg.gmarket.co.kr/1918704530/still/300?ver=2022080509
[커피빈](커피빈) 모바일교환권 3만원권,"30,000원","26,100원",http://gdimg.gmarket.co.kr/1876274436/still/300?ver=2022080509
양꼬치 양깍두기 양고기 1kg  + 쯔란1봉,"34,200원","23,900원",http://gdimg.gmarket.co.kr/1927983843/still/300?ver=2022080509
보만 4in1 핸디형 미니 무선 청소기 원룸 차량용 VC7210,,"49,800원",http://gdimg.gmarket.co.kr/1831765940/still/300?ver=2022080509
(행사상품)프리미엄고시히카리10KG,,"28,900원",http://gdimg.gmarket.co.kr/703514623/still/300?ver=2022080509
[종가집]종가집 행복이온 포기김치 10kg,,"47,800원",http://gdimg.gmarket.co.kr/2015975936/still/300?ver=2022080509
태송즉석새우볶음밥5봉+김치5봉/햇반/즉석밥,"27,200원","19,000원",http://gdimg.gmarket.co.kr/1607512736/still/300?ver=2022080509
[어니스트초이스]대패삼겹살 600g 2팩 총1.2kg,"31,500원","18,900원",http://gdimg.gmarket.co.kr/2409151477/still/300?ver=2022080509
[삼진어묵]삼진어묵 특선모듬어묵 x 2개,"25,900원","22,900원",http://gdimg.gmarket.co.kr/2473259035/still/300?ver=2022080509
[옻가네]김소형 원방침향단 3.75g x 100환,,"49,900원",http://gdimg.gmarket.co.kr/2453550044/still/300?ver=2022080509
[일리]일리 일리 Y3.3 커피머신 화이트,,"99,000원",http://gdimg.gmarket.co.kr/2467899909/still/300?ver=2022080509
[키친아트]1+1+1 키친아트 프라이팬 내맘대로 골라담기 3P,"55,800원","27,900원",http://gdimg.gmarket.co.kr/2391658939/still/300?ver=2022080509
(쌀가게) (광주신세계)[주문폭증으로 순차적 출고 예정] [2021년 햅쌀] 쌀가게  수향미 (특등급 )10KG,"33,900원","31,530원",http://gdimg.gmarket.co.kr/2443817026/still/300?ver=2022080509
1+1+1 아이몽땅 버블휘핑클렌저 250ml 6종,"28,900원","15,500원",http://gdimg.gmarket.co.kr/1926996726/still/300?ver=2022080509
[리챔]리챔 오리지널 200g 10캔,"23,900원","21,900원",http://gdimg.gmarket.co.kr/1579165613/still/300?ver=2022080509
[동원에프앤비]동원 라이트 스탠다드 참치 150g 원터치 10개,"23,900원","21,900원",http://gdimg.gmarket.co.kr/1579104167/still/300?ver=2022080509
(전단상품)신선특란30입,"7,190원","6,480원",http://gdimg.gmarket.co.kr/2375847696/still/300?ver=2022080509
[제주삼다수]제주삼다수 500ml 40병 /생수전문배송,"20,580원","17,900원",http://gdimg.gmarket.co.kr/2315170237/still/300?ver=2022080509
일회용 소독용 알콜솜 알콜스왑 3박스 300매 무료배송,,"5,800원",http://gdimg.gmarket.co.kr/1817602263/still/300?ver=2022080509
[스파클][스파클 무라벨] 스파클 생수 500ml 100병,,"21,000원",http://gdimg.gmarket.co.kr/787512618/still/300?ver=2022080509
[신기패]신기패 분필형 벌레약 7g 2개입X2개총4개입 바퀴벌레약 개미약 초파리트랩 지네약 모기약,,"13,900원",http://gdimg.gmarket.co.kr/2498198603/still/300?ver=2022080509
[롯데칠성]펩시콜라 제로슈거라임 355ML 24캔 펩시제로 제로콜라,,"17,400원",http://gdimg.gmarket.co.kr/2247146040/still/300?ver=2022080509
[뉴케어]뉴케어 구수한맛 200ml x 30팩 /스마일팩 2박스 구매시 루테인증정 / 환자식 완전균형영양식,,"43,900원",http://gdimg.gmarket.co.kr/174719105/still/300?ver=2022080509
[비비고]비비고 사골곰탕 500g 18개,"25,900원","20,720원",http://gdimg.gmarket.co.kr/1649311897/still/300?ver=2022080509
[닥터유]에너지바 40g x 15개 2세트(총30개입),,"26,200원",http://gdimg.gmarket.co.kr/2158295394/still/300?ver=2022080509
[매일유업]매일두유 99.9 190ml 48팩,"28,900원","26,500원",http://gdimg.gmarket.co.kr/2460344438/still/300?ver=2022080509
[리큐]리큐 세탁세제 진한겔 꿉꿉한냄새싹 2.1L6개 (공용),,"28,900원",http://gdimg.gmarket.co.kr/1984042850/still/300?ver=2022080509
[베베앙]베베앙 아기물티슈  시그니처 대용량 100매 캡형 10팩,"38,700원","12,900원",http://gdimg.gmarket.co.kr/1604479096/still/300?ver=2022080509
앤드마켓 햇살 듬뿍 사과즙 100ml x 100팩(벌크),"25,000원","19,900원",http://gdimg.gmarket.co.kr/2253318905/still/300?ver=2022080509
[TUF]FX706HEB-HX113 특가 94만 512GB 8GGB RTX3050Ti,"1,156,840원","1,099,000원",http://gdimg.gmarket.co.kr/2367744461/still/300?ver=2022080509
[생활공작소]생활공작소 친환경인증 주방세제 4L 1+1 (향선택),"38,400원","12,800원",http://gdimg.gmarket.co.kr/1102042025/still/300?ver=2022080509
진주닮은쌀 20kg 21년산 임실농협 (당일도정),"49,900원","38,900원",http://gdimg.gmarket.co.kr/1482215277/still/300?ver=2022080509
[미홀]스마트 자동 유리창 창문 로봇청소기 한국판 220V,,"100,900원",http://gdimg.gmarket.co.kr/2211996667/still/300?ver=2022080509
[맛있닭]닭가슴살 스테이크 혼합구성 15+1팩 12% 할인,"39,900원","23,900원",http://gdimg.gmarket.co.kr/2300793398/still/300?ver=2022080509
단스킨 (초특가) 레이스 풀커버 브라팬티 패키지 (15종) + (랜덤)브라팬티 1세,,"69,900원",http://gdimg.gmarket.co.kr/2527149399/still/300?ver=2022080509
제주삼다수 2L 12병 /생수전문배송,"13,520원","11,760원",http://gdimg.gmarket.co.kr/2315158459/still/300?ver=2022080509
산지직송 무농약인증 해남에서 자란 세척 꿀고구마 3kg (한입),,"10,000원",http://gdimg.gmarket.co.kr/2365553854/still/300?ver=2022080509
치실 국내생산 이편한 치실 80개입 x 5팩(400개),"20,700원","6,900원",http://gdimg.gmarket.co.kr/1776459341/still/300?ver=2022080509
[벨라로사]국내산 인덕션 캠핑 그리들팬 36cm 고기불판 +가방증정,,"24,900원",http://gdimg.gmarket.co.kr/2166723100/still/300?ver=2022080509
[스파클]스파클생수 500ml 60병(무료배송),"17,000원","11,900원",http://gdimg.gmarket.co.kr/1917644310/still/300?ver=2022080509
[몽벨][몽벨] 남/여 하프팬츠 3종 택1 (MW3FMMPH861/MW3FMWPH861),"20,000원","14,600원",http://gdimg.gmarket.co.kr/2514563582/still/300?ver=2022080509
홈쇼핑 빅사이즈 썸머니트3종세트/반팔/팬츠/원피스,"89,600원","26,900원",http://gdimg.gmarket.co.kr/1677880653/still/300?ver=2022080509
ADIDAS 아디다스 오리지널 코튼 반팔 티셔츠 2컬러 택1,,"13,900원",http://gdimg.gmarket.co.kr/2496044191/still/300?ver=2022080509
[플레이보이]남성 남자 패키지 드로즈 10매입 세트 PMD2109+2110B,"99,660원","29,900원",http://gdimg.gmarket.co.kr/2401080148/still/300?ver=2022080509
[클라비스]20%쿠폰 / 클라비스 여름 끝장세일,"39,600원","11,900원",http://gdimg.gmarket.co.kr/2321044498/still/300?ver=2022080509
[햇반]햇반 210g x24입,"29,900원","25,420원",http://gdimg.gmarket.co.kr/2328254013/still/300?ver=2022080509
[베베숲]프리미어 70매 캡 20팩,"42,800원","28,900원",http://gdimg.gmarket.co.kr/1157707109/still/300?ver=2022080509
[맥심]맥심 모카골드 커피믹스 160Tx2개 : 33900원 쿠폰가~,"47,400원","37,900원",http://gdimg.gmarket.co.kr/2461734636/still/300?ver=2022080509
[SOil](S-OIL) 모바일주유권 3만원권,"30,000원","29,400원",http://gdimg.gmarket.co.kr/1782686958/still/300?ver=2022080509
바이오가이아 베이비 드롭 10ml 1+1,"51,500원","45,320원",http://gdimg.gmarket.co.kr/2402158675/still/300?ver=2022080509
수프리모 디카페인 믹스/아메리카노 80T x 2개 + 증정,"31,000원","24,900원",http://gdimg.gmarket.co.kr/2496454777/still/300?ver=2022080509
[JisuLife]JISU 넥밴드  선풍기 무날개 선풍기 1+1,"41,300원","35,120원",http://gdimg.gmarket.co.kr/1846593455/still/300?ver=2022080509
(특가) 플레이도우 65주년 한정팩 : 플레이도 찰흙놀이 한정판 스파클도우,"35,000원","29,800원",http://gdimg.gmarket.co.kr/2513981816/still/300?ver=2022080509
[이엔씨]EnC/20%쿠폰/여름 시즌오프 클리언스 특가모음전/최종혜택가 12960원~,"129,000원","38,700원",http://gdimg.gmarket.co.kr/2519720769/still/300?ver=2022080509
[보스티나]보스티나 시즌2 더 플러스 염색제 5호 내츄럴브라운X2,"15,700원","15,500원",http://gdimg.gmarket.co.kr/2393334010/still/300?ver=2022080509
[아토세이프]덴티본조르노 치약 구취4+치석3+잇몸3 /구강케어/치약추천,,"22,900원",http://gdimg.gmarket.co.kr/1941647501/still/300?ver=2022080509
[노스페이스]노스페이스 여름 인기 반팔티셔츠 모음전,"70,000원","35,000원",http://gdimg.gmarket.co.kr/1157518737/still/300?ver=2022080509
메이킹유 여름휴가 블라우스/원피스/스커트/바지,"33,000원","9,900원",http://gdimg.gmarket.co.kr/1517019865/still/300?ver=2022080509
창의사고력수학 팩토/소마셈 세트 단계별 선택구매 (킨더팩토/키즈팩토/LV1~6),"93,600원","46,800원",http://gdimg.gmarket.co.kr/236070924/still/300?ver=2022080509
3900원 균일가 신상 은침귀걸이 우영우 고래귀걸이 원터치 링 스터드,"13,000원","3,900원",http://gdimg.gmarket.co.kr/630959840/still/300?ver=2022080509
[해피바스]해피바스 스마일 바디워시900g 3종세트 유자/체리/자몽,"17,100원","15,000원",http://gdimg.gmarket.co.kr/2099999838/still/300?ver=2022080509
헬스브로 칼슘 마그네슘 아연 비타민D 6개월분(180정),"17,200원","15,480원",http://gdimg.gmarket.co.kr/1942508909/still/300?ver=2022080509
[정&정]작두콩차 삼각티백(100개입) 미세플라스틱 NO,,"17,900원",http://gdimg.gmarket.co.kr/1966397058/still/300?ver=2022080509
[키친아트]키친아트 블랙프라이팬 1+1+1 내맘대로 골라담기3P,,"29,900원",http://gdimg.gmarket.co.kr/2039021127/still/300?ver=2022080509
밥맛좋은 경기미 백미 쌀10kg 21년햅쌀/특등급,,"25,900원",http://gdimg.gmarket.co.kr/2011064856/still/300?ver=2022080509
[피코크]조선호텔 포기김치 4kg,,"26,100원",http://gdimg.gmarket.co.kr/2262968450/still/300?ver=2022080509
퀸비샵) 여름 빅사이즈/롱티/원피스/트레이닝세트,"33,000원","9,900원",http://gdimg.gmarket.co.kr/1807922669/still/300?ver=2022080509
1+1+1외/나시/속바지/속치마/슬립/소재 종류 다모음,"29,600원","8,900원",http://gdimg.gmarket.co.kr/1106392253/still/300?ver=2022080509
[스팸]스팸 25%라이트 200g x9개,"29,900원","25,420원",http://gdimg.gmarket.co.kr/1552323183/still/300?ver=2022080509
[헬로]헬로 순수 3겹 천연펄프 화장지 30m 30롤 3팩 특가행사,"49,350원","32,900원",http://gdimg.gmarket.co.kr/1821519273/still/300?ver=2022080509
[모나리자]천연펄프 소프트리 퓨어 25m 30롤 3개 (총90롤),,"31,900원",http://gdimg.gmarket.co.kr/2119446769/still/300?ver=2022080509
[세타필]NEW 대용량 로션 473ml 3개 (22년 신제품) +사은품,,"35,900원",http://gdimg.gmarket.co.kr/1943017968/still/300?ver=2022080509
농협 세종대왕쌀 20kg 상등급 /당일도정/10%중복쿠폰 43900원/박스포장/21년산/농협밥소믈리에관리,"97,800원","48,900원",http://gdimg.gmarket.co.kr/2337691792/still/300?ver=2022080509
[고려은단]본사직영 고려은단 비타민C 1000 600정,"83,800원","41,900원",http://gdimg.gmarket.co.kr/1556502446/still/300?ver=2022080509
[닥터유]오리온 닥터유 에너지바 호두 40g x30개,,"26,200원",http://gdimg.gmarket.co.kr/2213267527/still/300?ver=2022080509
[Gfresh]통영 자연산 바다장어(아나고) 대 1kg 통영산지직송,"37,400원","27,900원",http://gdimg.gmarket.co.kr/2095071423/still/300?ver=2022080509
[과일나라]세라마이드 LPP 트리트먼트 헤어팩 1+1 / 총 2000ml+아르간 파우치 10매,"50,700원","16,900원",http://gdimg.gmarket.co.kr/493296988/still/300?ver=2022080509
[아이닉](최종혜택가 4.4만) 아이닉 핸디 미니 차량용청소기 imini 화이트,,"49,900원",http://gdimg.gmarket.co.kr/2305634863/still/300?ver=2022080509
[유니픽쳐]타투 아이브로우 1+1+눈썹가이드3종 증정 최대7일지속,"36,000원","10,900원",http://gdimg.gmarket.co.kr/1463756170/still/300?ver=2022080509
[셀렉스]셀렉스 코어프로틴 프로 304g 3캔 저분자가수분해단백질 유청단백질 류신 아미노산스코어,,"49,900원",http://gdimg.gmarket.co.kr/2307431926/still/300?ver=2022080509
[순수크린]순수 과탄산소다 대용량 5KG 1등급원료사용+운동화클리너증정,,"11,600원",http://gdimg.gmarket.co.kr/2225538283/still/300?ver=2022080509
[진라면]진라면 매운맛 40봉,,"22,900원",http://gdimg.gmarket.co.kr/2429049781/still/300?ver=2022080509
[동원참치]DHA 참치 150g 원터치 10개,"23,900원","21,900원",http://gdimg.gmarket.co.kr/1579106890/still/300?ver=2022080509
[던롭(뷰티)]엑스퍼트 프로텍션 올인원 200ml 1+1 남성 스킨 로션,"20,900원","8,900원",http://gdimg.gmarket.co.kr/169990517/still/300?ver=2022080509
[온더바디]온더바디 발을씻자 풋샴푸 자몽향 385ml 4개,"22,900원","19,900원",http://gdimg.gmarket.co.kr/2441559225/still/300?ver=2022080509
요즘에/썸머세일+10%/슬랙스/청바지/반바지/빅사이즈,"33,000원","9,900원",http://gdimg.gmarket.co.kr/189842449/still/300?ver=2022080509
[아토세이프]쉬슬러 고농축 액체세제 3.05L 2개 +증정/세탁세제,,"19,900원",http://gdimg.gmarket.co.kr/1743943703/still/300?ver=2022080509
[게스]누구나 22% 게스 여름 티셔츠/데님 파이널 세일,"56,000원","17,000원",http://gdimg.gmarket.co.kr/1829738400/still/300?ver=2022080509
[스파클]스파클생수 2L 30병,,"15,900원",http://gdimg.gmarket.co.kr/2007982106/still/300?ver=2022080509
[G7]베트남 G7 블랙 2g x 200입 (무료배송+랜덤 사은품),"19,900원","13,500원",http://gdimg.gmarket.co.kr/1692723853/still/300?ver=2022080509
[미래생활]순수PURE천연펄프 25m 30롤 x 3팩 휴지,"31,900원","28,900원",http://gdimg.gmarket.co.kr/1899274105/still/300?ver=2022080509
탑모델 여름신상 BEST 특가+10%쿠폰,"32,900원","9,900원",http://gdimg.gmarket.co.kr/1787483503/still/300?ver=2022080509
